concepto,plan,tipo,desde,hasta,cuentas,confianza,nota
activo_total,A,,,,1A020T,directo,Coincide con índice SMV (4/4).
activo_total,B,,,,1B020T,directo,"Plantilla antigua de bancos (letra B, usada en 2005). Coincide con el índice SMV."
activo_total,C,,,,1C020T,directo,"Plantilla antigua de CAVALI (letra C, 2005-2012), igual a la del plan general previo a NIIF. Coincide con el índice SMV."
activo_total,D,,,,1D020T,directo,Coincide con ActivoTotal del índice SMV (194/194 empresas 2024-A-I).
activo_total,E,,,,1E02ST,directo,Coincide con índice SMV (17/17). Ojo: el código dice ST pero la descripción es TOTAL ACTIVO.
activo_total,F,,,,1F2001,directo,Coincide con índice SMV (41/41).
activo_total,I,,,,1I1131,directo,Coincide con índice SMV (19/19).
activo_total,S,,,,1S0301,directo,"Plantilla antigua de seguros (letra S, usada en 2005). Coincide con el índice SMV."
activo_total,V,,,,1V020T,directo,Coincide con índice SMV (1/1).
pasivo_total,A,,,,1A040T,directo,Coincide con índice SMV.
pasivo_total,B,,,,1B0801,directo,"Plantilla antigua de bancos (letra B, usada en 2005). Coincide con el índice SMV."
pasivo_total,C,,,,1C040T,directo,"Plantilla antigua de CAVALI (letra C, 2005-2012), igual a la del plan general previo a NIIF. Coincide con el índice SMV."
pasivo_total,D,,,,1D040T,directo,Coincide con índice SMV (193/193).
pasivo_total,E,,,,1E0501,directo,Coincide con índice SMV.
pasivo_total,F,,,,1F3101,directo,Coincide con índice SMV.
pasivo_total,I,,,,1I1491,directo,Coincide con índice SMV.
pasivo_total,S,,,,1S0701,directo,"Plantilla antigua de seguros (letra S, usada en 2005). Coincide con el índice SMV."
pasivo_total,V,,,,1V040T,directo,Coincide con índice SMV.
patrimonio_total,A,,,,1A07ST,directo,Coincide con índice SMV.
patrimonio_total,B,,,,1B10ST,directo,"Plantilla antigua de bancos (letra B, usada en 2005). Coincide con el índice SMV."
patrimonio_total,C,,,,1C07ST,directo,"Plantilla antigua de CAVALI (letra C, 2005-2012), igual a la del plan general previo a NIIF. Coincide con el índice SMV."
patrimonio_total,D,,,,1D07ST,directo,Coincide con índice SMV.
patrimonio_total,E,,,,1E0901,directo,Coincide con índice SMV.
patrimonio_total,F,,,,1F3306,directo,Coincide con índice SMV.
patrimonio_total,I,,,,1I1551,directo,Coincide con índice SMV.
patrimonio_total,S,,,,1S09ST,directo,"Plantilla antigua de seguros (letra S, usada en 2005). Coincide con el índice SMV."
patrimonio_total,V,,,,1V07ST,directo,Coincide con índice SMV.
activo_corriente,A,,,,1A01ST,directo,
activo_corriente,B,,,2000,,no_aplica,Plantilla del año 2000 (distinta de la de 2001-2005 con la misma letra). No tiene esta línea.
activo_corriente,B,,2001,,1B0219,directo,"Plantilla antigua de bancos (letra B, usada en 2005). Esta plantilla sí separaba corriente/no corriente."
activo_corriente,C,,,,1C01ST,directo,"Plantilla antigua de CAVALI (letra C, 2005-2012), igual a la del plan general previo a NIIF."
activo_corriente,D,,,,1D01ST,directo,
activo_corriente,E,,,,1E01ST,directo,
activo_corriente,F,C,,,1F01ST,directo,El formato consolidado de bancos sí clasifica corriente/no corriente.
activo_corriente,F,I,,,,no_aplica,El balance bancario individual (formato SBS) no clasifica corriente/no corriente.
activo_corriente,I,,,,1I1071,directo,
activo_corriente,S,,,,1S01ST,directo,"Plantilla antigua de seguros (letra S, usada en 2005)."
activo_corriente,V,,,,1V01ST,directo,
pasivo_corriente,A,,,,1A03ST,directo,
pasivo_corriente,B,,,2000,,no_aplica,Plantilla del año 2000 (distinta de la de 2001-2005 con la misma letra). No tiene esta línea.
pasivo_corriente,B,,2001,,1B03ST,directo,"Plantilla antigua de bancos (letra B, usada en 2005)."
pasivo_corriente,C,,,,1C03ST,directo,"Plantilla antigua de CAVALI (letra C, 2005-2012), igual a la del plan general previo a NIIF."
pasivo_corriente,D,,,,1D03ST,directo,
pasivo_corriente,E,,,,1E0309,directo,
pasivo_corriente,F,C,,,1F2902,directo,El formato consolidado de bancos sí clasifica corriente/no corriente.
pasivo_corriente,F,I,,,,no_aplica,El balance bancario individual (formato SBS) no clasifica corriente/no corriente.
pasivo_corriente,I,,,,1I1461,directo,
pasivo_corriente,S,,,,1S05ST,directo,"Plantilla antigua de seguros (letra S, usada en 2005)."
pasivo_corriente,V,,,,1V03ST,directo,
efectivo,A,,,,1A0109,directo,
efectivo,B,,,,1B01ST,validado,"Plantilla antigua de bancos (letra B, usada en 2005). Total fondos disponibles (incluye encaje), igual criterio que DISPONIBLE en F. Decisión tomada el 2026-09-26 con criterio delegado por el propietario del proyecto (ver DECISIONES.md, punto 4)."
efectivo,C,,,2005,1C0101,directo,"Hasta 2005 la línea era Caja y Bancos; desde 2006, Efectivo y equivalentes de efectivo."
efectivo,C,,2006,,1C0109,directo,"Plantilla antigua de CAVALI (letra C, 2005-2012), igual a la del plan general previo a NIIF. Caja y bancos."
efectivo,D,,,2005,1D0101,directo,"Hasta 2005 la línea era Caja y Bancos; desde 2006, Efectivo y equivalentes de efectivo."
efectivo,D,,2006,,1D0109,directo,
efectivo,E,,,,1E0101,directo,
efectivo,F,,,,1F0101,validado,"DISPONIBLE incluye el encaje depositado en el BCRP, que no es de libre disposición. Alternativa: excluir 1F0106. Decisión tomada el 2026-09-26 con criterio delegado por el propietario del proyecto (ver DECISIONES.md, punto 4)."
efectivo,I,,,,1I1010,directo,
efectivo,S,,,,1S0101,directo,"Plantilla antigua de seguros (letra S, usada en 2005). Caja y bancos."
efectivo,V,,,,1V0109,directo,
deuda_financiera,A,,,,1A0306+1A0309+1A0401,validado,"Todas las líneas de deuda financiera de todas las eras de la plantilla (sobregiros, préstamos, parte corriente, deuda de largo plazo, derivados pasivos); desde NIIF, Otros Pasivos Financieros, que también incluye arrendamientos. Las líneas no se superponen dentro de una misma plantilla. Decisión tomada el 2026-09-26 con criterio delegado por el propietario del proyecto (ver DECISIONES.md, punto 5)."
deuda_financiera,C,,,,1C0305+1C0306+1C0307+1C0308+1C0309+1C0401+1C0405,validado,"Todas las líneas de deuda financiera de todas las eras de la plantilla (sobregiros, préstamos, parte corriente, deuda de largo plazo, derivados pasivos); desde NIIF, Otros Pasivos Financieros, que también incluye arrendamientos. Las líneas no se superponen dentro de una misma plantilla. Decisión tomada el 2026-09-26 con criterio delegado por el propietario del proyecto (ver DECISIONES.md, punto 5)."
deuda_financiera,D,,,,1D0301+1D0305+1D0306+1D0307+1D0308+1D0309+1D0401+1D0405,validado,"Todas las líneas de deuda financiera de todas las eras de la plantilla (sobregiros, préstamos, parte corriente, deuda de largo plazo, derivados pasivos); desde NIIF, Otros Pasivos Financieros, que también incluye arrendamientos. Las líneas no se superponen dentro de una misma plantilla. Decisión tomada el 2026-09-26 con criterio delegado por el propietario del proyecto (ver DECISIONES.md, punto 5)."
deuda_financiera,E,,,,1E0301+1E0310+1E0401,validado,"Todas las líneas de deuda financiera de todas las eras de la plantilla (sobregiros, préstamos, parte corriente, deuda de largo plazo, derivados pasivos); desde NIIF, Otros Pasivos Financieros, que también incluye arrendamientos. Las líneas no se superponen dentro de una misma plantilla. Decisión tomada el 2026-09-26 con criterio delegado por el propietario del proyecto (ver DECISIONES.md, punto 5)."
deuda_financiera,F,,,,,no_aplica,Para un banco la deuda es su materia prima (depósitos y adeudos); un ratio de deuda no es comparable con el de una empresa.
deuda_financiera,I,,,,1I1410+1I1415+1I1431+1I1450+1I1470,validado,"Todas las líneas de deuda financiera de todas las eras de la plantilla (sobregiros, préstamos, parte corriente, deuda de largo plazo, derivados pasivos); desde NIIF, Otros Pasivos Financieros, que también incluye arrendamientos. Las líneas no se superponen dentro de una misma plantilla. Decisión tomada el 2026-09-26 con criterio delegado por el propietario del proyecto (ver DECISIONES.md, punto 5)."
deuda_financiera,S,,,,1S0501+1S0510+1S0601,validado,"Todas las líneas de deuda financiera de todas las eras de la plantilla (sobregiros, préstamos, parte corriente, deuda de largo plazo, derivados pasivos); desde NIIF, Otros Pasivos Financieros, que también incluye arrendamientos. Las líneas no se superponen dentro de una misma plantilla. Decisión tomada el 2026-09-26 con criterio delegado por el propietario del proyecto (ver DECISIONES.md, punto 5)."
deuda_financiera,V,,,,1V0309+1V0401,validado,"Todas las líneas de deuda financiera de todas las eras de la plantilla (sobregiros, préstamos, parte corriente, deuda de largo plazo, derivados pasivos); desde NIIF, Otros Pasivos Financieros, que también incluye arrendamientos. Las líneas no se superponen dentro de una misma plantilla. Decisión tomada el 2026-09-26 con criterio delegado por el propietario del proyecto (ver DECISIONES.md, punto 5)."
creditos_brutos,F,C,,,,no_aplica,Solo individual: el formato consolidado de bancos separa la cartera en corriente y no corriente y solo desglosa la parte corriente.
creditos_brutos,F,I,,2005,,no_aplica,"Hasta 2005 la plantilla de bancos no desglosa la cartera por situación (vigente, vencida, judicial)."
creditos_brutos,F,I,2006,,1F0115+1F0116+1F0117+1F0118+1F0119,directo,Definición estándar SBS. Solo individual: el formato consolidado de bancos separa la cartera en corriente y no corriente y solo desglosa la parte corriente.
creditos_atrasados,F,C,,,,no_aplica,Solo individual: el formato consolidado de bancos separa la cartera en corriente y no corriente y solo desglosa la parte corriente.
creditos_atrasados,F,I,,2005,,no_aplica,"Hasta 2005 la plantilla de bancos no desglosa la cartera por situación (vigente, vencida, judicial)."
creditos_atrasados,F,I,2006,,1F0118+1F0119,directo,Definición estándar SBS de cartera atrasada. Solo individual: el formato consolidado de bancos separa la cartera en corriente y no corriente y solo desglosa la parte corriente.
provisiones_creditos,F,I,,2005,,no_aplica,"Hasta 2005 la plantilla de bancos no desglosa la cartera por situación (vigente, vencida, judicial)."
provisiones_creditos,F,I,2006,,1F0121,directo,Solo individual: el formato consolidado de bancos separa la cartera en corriente y no corriente y solo desglosa la parte corriente.
depositos,B,,,2000,1B0306,directo,Plantilla del año 2000 (distinta de la de 2001-2005 con la misma letra). Total depósitos y obligaciones con el público.
depositos,B,,2001,,1B0311,directo,"Plantilla antigua de bancos (letra B, usada en 2005). Total obligaciones con el público."
depositos,F,,,,1F2101,directo,
ingresos,A,,,,2A01ST,directo,Coincide con índice SMV.
ingresos,B,,,2000,2B0201+2B0801,validado,"Plantilla del año 2000 (distinta de la de 2001-2005 con la misma letra). Ingresos financieros + comisiones por servicios. Decisión tomada el 2026-09-26 con criterio delegado por el propietario del proyecto (ver DECISIONES.md, punto 1)."
ingresos,B,,2001,,2B0201+2B0603,validado,"Plantilla antigua de bancos (letra B, usada en 2005). Igual criterio que F: ingresos financieros + ingresos por servicios financieros. Decisión tomada el 2026-09-26 con criterio delegado por el propietario del proyecto (ver DECISIONES.md, punto 1)."
ingresos,C,,,,2C01ST,validado,"Plantilla antigua de CAVALI (igual a la del plan general previo a NIIF): Total de Ingresos Brutos, por la misma evidencia que en el plan general. Decisión tomada el 2026-09-26 con criterio delegado por el propietario del proyecto (ver DECISIONES.md, punto 7)."
ingresos,D,,,2009,2D01ST,validado,"Todas las eras. Hasta 2009 el código era Total de Ingresos Brutos; al reexpresar 2009 en su primer estado NIIF (2010), las empresas mantuvieron esa cifra (87 % de coincidencia contra 76 % de ventas netas). Decisión tomada el 2026-09-26 con criterio delegado por el propietario del proyecto (ver DECISIONES.md, punto 7)."
ingresos,D,,2010,,2D01ST,directo,Coincide con TotalIngreso del índice SMV (177/177 con monto en 2024).
ingresos,E,,,,2E0101+2E0102+2E0108,validado,"Primas de seguros netas + reaseguro aceptado + aportes de afiliados EPS (solo consolidado). Se prefirió a primas ganadas netas porque estas incluyen el ajuste de reservas, que en seguros de vida y rentas vuelve negativo o distorsiona el ingreso. Decisión tomada el 2026-09-26 con criterio delegado por el propietario del proyecto (ver DECISIONES.md, punto 2)."
ingresos,F,C,,,2F01ST+2F2406,validado,"DECISIÓN PENDIENTE. El consolidado de bancos usa otra plantilla (formato de conglomerado financiero). Ingresos de actividades ordinarias (intereses + primas + otros) + comisiones NETAS: en el consolidado no hay comisiones brutas, así que no es idéntico al individual. Decisión tomada el 2026-09-26 con criterio delegado por el propietario del proyecto (ver DECISIONES.md, punto 1)."
ingresos,F,I,,2000,2F0101+2F0701,validado,"Plantilla trimestral de bancos del año 2000 (distinta de la de 2001 en adelante con los mismos códigos). Ingresos financieros + comisiones por operaciones contingentes y servicios. Decisión tomada el 2026-09-26 con criterio delegado por el propietario del proyecto (ver DECISIONES.md, punto 1)."
ingresos,F,I,2001,,2F0101+2F2402,validado,"DECISIÓN PENDIENTE. La SMV usa solo ingresos por intereses (2F0101). Propuesta: intereses + ingresos por servicios financieros (comisiones), que es como la SBS y los analistas miden los ingresos de un banco. Decisión tomada el 2026-09-26 con criterio delegado por el propietario del proyecto (ver DECISIONES.md, punto 1)."
ingresos,I,,,2011,2I2010+2I2030+2I2020+2I2050,validado,"Plantilla previa a NIIF (ver DECISIONES.md, punto 7). Ingreso bruto por comisiones (2I2010, incluye mercado de valores y de productos) + intereses + ganancia neta en venta de valores propios (venta 2I2020 + costo 2I2050). Decisión tomada el 2026-09-26 con criterio delegado por el propietario del proyecto (ver DECISIONES.md, punto 3)."
ingresos,I,,2012,,2I2011+2I2030+2I2033+2I2020+2I2050,validado,"DECISIÓN PENDIENTE. La SMV usa Total Ingresos Operacionales (2I2031), que incluye el valor BRUTO de las inversiones vendidas: en 2024 Credicorp Capital SAB reportó 1,577 millones de venta de inversiones contra 46 millones de comisiones. Propuesta: comisiones + intereses + otros + ganancia NETA por venta de inversiones (venta 2I2020 + costo de enajenación 2I2050, que viene negativo). Decisión tomada el 2026-09-26 con criterio delegado por el propietario del proyecto (ver DECISIONES.md, punto 3)."
ingresos,S,,,,2S0101+2S0102,validado,"Plantilla antigua de seguros: primas de seguros netas + reaseguro aceptado. Decisión tomada el 2026-09-26 con criterio delegado por el propietario del proyecto (ver DECISIONES.md, punto 2)."
ingresos,V,,,,2V01ST+2V0101,directo,"Ingresos ordinarios + otros ingresos = Total de Ingresos Brutos (2V0102), que es lo que usa el índice SMV. Verificado: la suma coincide con 2V0102 en 52 de 52 presentaciones; se usan las partes porque en los trimestres 2013-2016 no viene la línea total."
utilidad_bruta,A,,,,,no_aplica,
utilidad_bruta,C,,,,2C02ST,directo,"Plantilla antigua de CAVALI (letra C, 2005-2012), igual a la del plan general previo a NIIF."
utilidad_bruta,D,,,,2D02ST,directo,
utilidad_bruta,E,,,,,no_aplica,
utilidad_bruta,F,,,,,no_aplica,
utilidad_bruta,I,,,,2I2051,directo,
utilidad_bruta,V,,,,2V02ST,directo,
utilidad_operativa,A,,,,2A03ST,validado,"Utilidad operativa de la AFP; excluye el resultado del encaje legal (2A0304) que va debajo. Alternativa: incluirlo. Decisión tomada el 2026-09-26 con criterio delegado por el propietario del proyecto (ver DECISIONES.md, punto 6)."
utilidad_operativa,B,,,2000,,no_aplica,Plantilla del año 2000 (distinta de la de 2001-2005 con la misma letra). No tiene esta línea.
utilidad_operativa,B,,2001,,2B0705,validado,"Plantilla antigua de bancos (letra B, usada en 2005). Resultado de operación. Decisión tomada el 2026-09-26 con criterio delegado por el propietario del proyecto (ver DECISIONES.md, punto 6)."
utilidad_operativa,C,,,,2C03ST,directo,"Plantilla antigua de CAVALI (letra C, 2005-2012), igual a la del plan general previo a NIIF."
utilidad_operativa,D,,,,2D03ST,directo,
utilidad_operativa,E,,,,2E1501,validado,"RESULTADO DE OPERACIÓN (incluye el resultado de inversiones, que en seguros es parte del negocio). Decisión tomada el 2026-09-26 con criterio delegado por el propietario del proyecto (ver DECISIONES.md, punto 6)."
utilidad_operativa,E,I,2010,,2E1508,validado,"Individual desde 2010: RESULTADO DE OPERACIÓN ANTES DE IMPUESTO; en esta plantilla no hay partidas entre el resultado de operación y el impuesto. Nunca coexiste con 2E1501. Decisión tomada el 2026-09-26 con criterio delegado por el propietario del proyecto (ver DECISIONES.md, punto 6)."
utilidad_operativa,E,I,2010,2012,2E1503,validado,"Individual 2010-2012 con la plantilla anterior: RESULTADO DE OPERACIÓN ANTES DE PARTICIPACIONES E IMPUESTO. Decisión tomada el 2026-09-26 con criterio delegado por el propietario del proyecto (ver DECISIONES.md, punto 6)."
utilidad_operativa,F,,,,2F2801,validado,"RESULTADO DE OPERACIÓN (después de provisiones y antes de otros ingresos/gastos). Decisión tomada el 2026-09-26 con criterio delegado por el propietario del proyecto (ver DECISIONES.md, punto 6)."
utilidad_operativa,I,,,,2I2071,directo,
utilidad_operativa,V,,,,2V03ST,directo,
ingresos_financieros,A,,,,2A0401,directo,
ingresos_financieros,C,,,,2C0401,directo,"Plantilla antigua de CAVALI (letra C, 2005-2012), igual a la del plan general previo a NIIF."
ingresos_financieros,D,,,,2D0401,directo,
ingresos_financieros,E,,,,,no_aplica,Ingresos de inversiones son parte del negocio asegurador.
ingresos_financieros,F,,,,,no_aplica,
ingresos_financieros,I,,,,2I2080,directo,
ingresos_financieros,V,,,,2V0401,directo,
gastos_financieros,A,,,,2A0402,directo,
gastos_financieros,C,,,,2C0402,directo,"Plantilla antigua de CAVALI (letra C, 2005-2012), igual a la del plan general previo a NIIF."
gastos_financieros,D,,,,2D0402,directo,
gastos_financieros,E,,,,2E1202,validado,"Gastos de inversiones y financieros (mezcla ambos). Mezcla gastos de inversiones y financieros: en seguros no se pueden separar. Decisión tomada el 2026-09-26 con criterio delegado por el propietario del proyecto (ver DECISIONES.md, punto 6)."
gastos_financieros,F,,,,,no_aplica,
gastos_financieros,I,,,,2I2090,directo,
gastos_financieros,S,,,,2S0902,validado,"Plantilla antigua de seguros (letra S, usada en 2005). Mezcla gastos de inversiones y financieros: en seguros no se pueden separar. Decisión tomada el 2026-09-26 con criterio delegado por el propietario del proyecto (ver DECISIONES.md, punto 6)."
gastos_financieros,V,,,,2V0402,directo,
utilidad_antes_impuestos,A,,,,2A08ST,directo,
utilidad_antes_impuestos,A,,,,2A04ST+2A0501,validado,"Plantilla previa a NIIF. Ver mapeo/DECISIONES.md, punto 7. Código antiguo 2A04ST + participación de los trabajadores (2A0501). Decisión tomada el 2026-09-26 con criterio delegado por el propietario del proyecto (ver DECISIONES.md, punto 7)."
utilidad_antes_impuestos,B,,,,2B1001+2B1002,validado,"Plantilla antigua de bancos (letra B, usada en 2005). Antes de impuesto y participación + participación de trabajadores (ver DECISIONES.md, punto 7). Decisión tomada el 2026-09-26 con criterio delegado por el propietario del proyecto (ver DECISIONES.md, punto 7)."
utilidad_antes_impuestos,C,,,,2C04ST+2C0501,validado,"Plantilla antigua de CAVALI (letra C, 2005-2012), igual a la del plan general previo a NIIF. Igual criterio que D hasta 2009. Decisión tomada el 2026-09-26 con criterio delegado por el propietario del proyecto (ver DECISIONES.md, punto 7)."
utilidad_antes_impuestos,D,,,2009,2D04ST+2D0501,validado,"Plantilla previa a NIIF. Ver mapeo/DECISIONES.md, punto 7. Hasta 2009 2D04ST era antes de participaciones e impuesto; se suma la participación de trabajadores (2D0501, negativa) para dejarla comparable con NIIF, donde va dentro de gastos de personal. Decisión tomada el 2026-09-26 con criterio delegado por el propietario del proyecto (ver DECISIONES.md, punto 7)."
utilidad_antes_impuestos,D,,2010,,2D04ST,directo,
utilidad_antes_impuestos,E,,,2000,2E1501+2E1601,validado,"Plantilla de seguros del año 2000: no existe 2E1503; se usa Resultado de operación (2E1501) + participaciones (2E1601). Verificado contra el resultado antes de partidas extraordinarias. Decisión tomada el 2026-09-26 con criterio delegado por el propietario del proyecto (ver DECISIONES.md, punto 7)."
utilidad_antes_impuestos,E,,2001,,2E1503+2E1601,validado,"Plantilla previa a NIIF. Ver mapeo/DECISIONES.md, punto 7. Código antiguo 2E1503 + participaciones de los trabajadores (2E1601). Decisión tomada el 2026-09-26 con criterio delegado por el propietario del proyecto (ver DECISIONES.md, punto 7)."
utilidad_antes_impuestos,E,C,,,2E1509,directo,En el consolidado de seguros el código cambia (2E1508 en individual).
utilidad_antes_impuestos,E,I,,,2E1508,directo,
utilidad_antes_impuestos,F,,,2000,2F1301+2F1401+2F1402,validado,"Plantilla trimestral de bancos del año 2000 (distinta de la de 2001 en adelante con los mismos códigos). 2F1301 es antes del ajuste por inflación (2F1401) y de participaciones (2F1402). Verificado: 2F1301+2F1401+2F1402+impuesto = resultado antes de partidas extraordinarias en 100 % de los casos. Decisión tomada el 2026-09-26 con criterio delegado por el propietario del proyecto (ver DECISIONES.md, punto 7)."
utilidad_antes_impuestos,F,,2001,,2F1301+2F1402,validado,"Plantilla previa a NIIF. Ver mapeo/DECISIONES.md, punto 7. Código antiguo 2F1301 (antes de participaciones e impuesto) + distribución legal de la renta neta (2F1402, participación de trabajadores). Decisión tomada el 2026-09-26 con criterio delegado por el propietario del proyecto (ver DECISIONES.md, punto 7)."
utilidad_antes_impuestos,F,C,,,2F2809,directo,El consolidado de bancos usa otra plantilla (formato de conglomerado financiero).
utilidad_antes_impuestos,F,I,,,2F1302,directo,
utilidad_antes_impuestos,I,,,2011,2I2121+2I2130,validado,"Plantilla previa a NIIF. Ver mapeo/DECISIONES.md, punto 7. Hasta 2011 2I2121 era antes de participaciones e impuesto; se suma Participaciones (2I2130). Decisión tomada el 2026-09-26 con criterio delegado por el propietario del proyecto (ver DECISIONES.md, punto 7)."
utilidad_antes_impuestos,I,,2012,,2I2121,directo,
utilidad_antes_impuestos,S,,,2000,2S1201+2S1301,validado,"Plantilla del año 2000 (distinta de la de 2001-2005 con la misma letra). Resultado de operación + participaciones (ver DECISIONES.md, punto 7). Decisión tomada el 2026-09-26 con criterio delegado por el propietario del proyecto (ver DECISIONES.md, punto 7)."
utilidad_antes_impuestos,S,,2001,,2S1203+2S1301,validado,"Plantilla antigua de seguros (letra S, usada en 2005). Antes de participación e impuesto + participaciones (ver DECISIONES.md, punto 7). Decisión tomada el 2026-09-26 con criterio delegado por el propietario del proyecto (ver DECISIONES.md, punto 7)."
utilidad_antes_impuestos,V,,,,2V04ST,directo,
impuesto_renta,A,,,,2A0502,directo,
impuesto_renta,B,,,,2B1003,directo,"Plantilla antigua de bancos (letra B, usada en 2005)."
impuesto_renta,C,,,,2C0502,directo,"Plantilla antigua de CAVALI (letra C, 2005-2012), igual a la del plan general previo a NIIF."
impuesto_renta,D,,,,2D0502,directo,
impuesto_renta,E,,,,2E1602,directo,
impuesto_renta,F,,,,2F1403,directo,
impuesto_renta,I,,,,2I2140,directo,
impuesto_renta,S,,,,2S1302,directo,"Plantilla antigua de seguros (letra S, usada en 2005)."
impuesto_renta,V,,,,2V0502,directo,
utilidad_neta,A,,,,2A07ST,directo,Coincide con índice SMV.
utilidad_neta,B,,,,2B1501,directo,"Plantilla antigua de bancos (letra B, usada en 2005). El índice SMV usa 2B1301 (antes de interés minoritario), igual en estados individuales."
utilidad_neta,C,,,,2C07ST,directo,"Plantilla antigua de CAVALI (letra C, 2005-2012), igual a la del plan general previo a NIIF."
utilidad_neta,D,,,,2D07ST,directo,Coincide con UtilidadNeta del índice SMV.
utilidad_neta,E,,,,2E2101,directo,Coincide con índice SMV.
utilidad_neta,F,,,,2F1901,directo,Coincide con índice SMV.
utilidad_neta,I,,,,2I2161,directo,Coincide con índice SMV.
utilidad_neta,S,,,,2S1801,directo,"Plantilla antigua de seguros (letra S, usada en 2005)."
utilidad_neta,V,,,,2V07ST,directo,Coincide con índice SMV.
ingresos_intereses,B,,,,2B0201,directo,"Plantilla antigua de bancos (letra B, usada en 2005). Ingresos financieros. Coincide con el índice SMV."
ingresos_intereses,F,,,,2F0101,directo,
gastos_intereses,B,,,,2B0401,directo,"Plantilla antigua de bancos (letra B, usada en 2005)."
gastos_intereses,F,,,,2F0301,directo,
margen_financiero_bruto,B,,,2000,2B0501,directo,Plantilla del año 2000 (distinta de la de 2001-2005 con la misma letra). Intereses neto.
margen_financiero_bruto,B,,2001,,2B0502,directo,"Plantilla antigua de bancos (letra B, usada en 2005)."
margen_financiero_bruto,F,C,,,2F0101+2F0301,validado,Consolidado: ingresos por intereses + gastos por intereses. No se usa MARGEN BRUTO (2F2301) porque en conglomerados (ej. Credicorp) incluye primas y siniestros de seguros. Decisión tomada el 2026-09-26 con criterio delegado por el propietario del proyecto.
margen_financiero_bruto,F,I,,2000,2F0501,directo,Plantilla trimestral de bancos del año 2000 (distinta de la de 2001 en adelante con los mismos códigos). Resultado financiero.
margen_financiero_bruto,F,I,2001,,2F2301,directo,
provisiones_credito_gasto,B,,,2000,2B0601,directo,Plantilla del año 2000 (distinta de la de 2001-2005 con la misma letra). Provisión para riesgos de incobrabilidad.
provisiones_credito_gasto,B,,2001,,2B0504,directo,"Plantilla antigua de bancos (letra B, usada en 2005). Neta de recuperos."
provisiones_credito_gasto,F,C,,,2F2304,directo,"El consolidado de bancos usa otra plantilla (formato de conglomerado financiero). Provisión para créditos (total, no solo directos)."
provisiones_credito_gasto,F,I,,2000,2F0902,directo,Plantilla trimestral de bancos del año 2000 (distinta de la de 2001 en adelante con los mismos códigos). Provisión para colocaciones.
provisiones_credito_gasto,F,I,2001,2009,2F2304+2F2305,directo,Hasta 2009 la provisión para incobrabilidad de créditos venía separada en la del ejercicio (2F2304) y la de ejercicios anteriores (2F2305). Ojo: 2F2304 significa otra cosa en la plantilla consolidada actual.
provisiones_credito_gasto,F,I,2010,,2F2306,directo,
primas_ganadas_netas,E,,,,2E0602,directo,
primas_ganadas_netas,E,,,2001,2E0601,directo,"Plantilla trimestral de seguros de 2000-2001 (líneas ""de competencia""). Primas de competencia."
primas_ganadas_netas,S,,,2000,2S0301,directo,Plantilla del año 2000 (distinta de la de 2001-2005 con la misma letra). Primas de competencia netas.
primas_ganadas_netas,S,,2001,,2S0304,directo,"Plantilla antigua de seguros (letra S, usada en 2005)."
siniestros_netos,E,,,,2E0706,directo,
siniestros_netos,E,,,2001,2E0801,directo,"Plantilla trimestral de seguros de 2000-2001 (líneas ""de competencia""). Siniestros de competencia netos."
siniestros_netos,S,,,2000,2S0501,directo,Plantilla del año 2000 (distinta de la de 2001-2005 con la misma letra). Siniestros de competencia.
siniestros_netos,S,,2001,,2S0403,directo,"Plantilla antigua de seguros (letra S, usada en 2005)."
partidas_entre_pasivo_y_patrimonio,B,,,,1B0901+1B0902,directo,"Plantilla antigua: estas líneas (interés minoritario, contingencias, ganancias diferidas) iban FUERA del pasivo total y del patrimonio total. Sirve para que cuadre activo = pasivo + patrimonio + este concepto. Ver DECISIONES.md, punto 8."
partidas_entre_pasivo_y_patrimonio,D,,,2005,1D0501+1D0502,directo,"Plantilla antigua: estas líneas (interés minoritario, contingencias, ganancias diferidas) iban FUERA del pasivo total y del patrimonio total. Sirve para que cuadre activo = pasivo + patrimonio + este concepto. Ver DECISIONES.md, punto 8."
partidas_entre_pasivo_y_patrimonio,E,,,2010,1E0701,directo,"Plantilla antigua: estas líneas (interés minoritario, contingencias, ganancias diferidas) iban FUERA del pasivo total y del patrimonio total. Sirve para que cuadre activo = pasivo + patrimonio + este concepto. Ver DECISIONES.md, punto 8."
partidas_entre_pasivo_y_patrimonio,F,,,2010,1F3201,directo,"Plantilla antigua: estas líneas (interés minoritario, contingencias, ganancias diferidas) iban FUERA del pasivo total y del patrimonio total. Sirve para que cuadre activo = pasivo + patrimonio + este concepto. Ver DECISIONES.md, punto 8."
partidas_entre_pasivo_y_patrimonio,I,,,2004,1I1500+1I1510,directo,"Plantilla antigua: estas líneas (interés minoritario, contingencias, ganancias diferidas) iban FUERA del pasivo total y del patrimonio total. Sirve para que cuadre activo = pasivo + patrimonio + este concepto. Ver DECISIONES.md, punto 8."
partidas_entre_pasivo_y_patrimonio,S,,,,1S0801+1S0802,directo,"Plantilla antigua: estas líneas (interés minoritario, contingencias, ganancias diferidas) iban FUERA del pasivo total y del patrimonio total. Sirve para que cuadre activo = pasivo + patrimonio + este concepto. Ver DECISIONES.md, punto 8."
