concepto,plan,tipo,desde,hasta,confianza,presentaciones,con_valor,cobertura
activo_total,A,I+C,,,directo,328,328,1.0
activo_total,B,I+C,,,directo,181,181,1.0
activo_total,C,I+C,,,directo,46,46,1.0
activo_total,D,I+C,,,directo,35989,35985,0.9998888549278946
activo_total,E,I+C,,,directo,2584,2582,0.9992260061919505
activo_total,F,I+C,,,directo,5650,5648,0.9996460176991151
activo_total,I,I+C,,,directo,2888,2888,1.0
activo_total,S,I+C,,,directo,112,112,1.0
activo_total,V,I+C,,,directo,65,65,1.0
pasivo_total,A,I+C,,,directo,328,328,1.0
pasivo_total,B,I+C,,,directo,181,181,1.0
pasivo_total,C,I+C,,,directo,46,46,1.0
pasivo_total,D,I+C,,,directo,35989,35987,0.9999444274639473
pasivo_total,E,I+C,,,directo,2584,2583,0.9996130030959752
pasivo_total,F,I+C,,,directo,5650,5647,0.9994690265486725
pasivo_total,I,I+C,,,directo,2888,2888,1.0
pasivo_total,S,I+C,,,directo,112,112,1.0
pasivo_total,V,I+C,,,directo,65,65,1.0
patrimonio_total,A,I+C,,,directo,328,328,1.0
patrimonio_total,B,I+C,,,directo,181,181,1.0
patrimonio_total,C,I+C,,,directo,46,46,1.0
patrimonio_total,D,I+C,,,directo,35989,35987,0.9999444274639473
patrimonio_total,E,I+C,,,directo,2584,2583,0.9996130030959752
patrimonio_total,F,I+C,,,directo,5650,5647,0.9994690265486725
patrimonio_total,I,I+C,,,directo,2888,2888,1.0
patrimonio_total,S,I+C,,,directo,112,112,1.0
patrimonio_total,V,I+C,,,directo,65,65,1.0
activo_corriente,A,I+C,,,directo,328,328,1.0
activo_corriente,B,I+C,2001,,directo,151,150,0.9933774834437086
activo_corriente,C,I+C,,,directo,46,46,1.0
activo_corriente,D,I+C,,,directo,35989,35989,1.0
activo_corriente,E,I+C,,,directo,2584,2581,0.9988390092879257
activo_corriente,F,C,,,directo,1370,1349,0.9846715328467154
activo_corriente,I,I+C,,,directo,2888,2888,1.0
activo_corriente,S,I+C,,,directo,112,112,1.0
activo_corriente,V,I+C,,,directo,65,65,1.0
pasivo_corriente,A,I+C,,,directo,328,328,1.0
pasivo_corriente,B,I+C,2001,,directo,151,150,0.9933774834437086
pasivo_corriente,C,I+C,,,directo,46,46,1.0
pasivo_corriente,D,I+C,,,directo,35989,35987,0.9999444274639473
pasivo_corriente,E,I+C,,,directo,2584,2583,0.9996130030959752
pasivo_corriente,F,C,,,directo,1370,1349,0.9846715328467154
pasivo_corriente,I,I+C,,,directo,2888,2888,1.0
pasivo_corriente,S,I+C,,,directo,112,112,1.0
pasivo_corriente,V,I+C,,,directo,65,65,1.0
efectivo,A,I+C,,,directo,328,327,0.9969512195121951
efectivo,B,I+C,,,validado,181,181,1.0
efectivo,C,I+C,,2005,directo,9,9,1.0
efectivo,C,I+C,2006,,directo,37,37,1.0
efectivo,D,I+C,,2005,directo,7979,7979,1.0
efectivo,D,I+C,2006,,directo,28010,28010,1.0
efectivo,E,I+C,,,directo,2584,2581,0.9988390092879257
efectivo,F,I+C,,,validado,5650,5643,0.9987610619469026
efectivo,I,I+C,,,directo,2888,2888,1.0
efectivo,S,I+C,,,directo,112,112,1.0
efectivo,V,I+C,,,directo,65,65,1.0
deuda_financiera,A,I+C,,,validado,328,328,1.0
deuda_financiera,C,I+C,,,validado,46,46,1.0
deuda_financiera,D,I+C,,,validado,35989,35987,0.9999444274639473
deuda_financiera,E,I+C,,,validado,2584,2583,0.9996130030959752
deuda_financiera,I,I+C,,,validado,2888,2888,1.0
deuda_financiera,S,I+C,,,validado,112,112,1.0
deuda_financiera,V,I+C,,,validado,65,65,1.0
creditos_brutos,F,I,2006,,directo,3703,3700,0.9991898460707535
creditos_atrasados,F,I,2006,,directo,3703,3700,0.9991898460707535
provisiones_creditos,F,I,2006,,directo,3703,3700,0.9991898460707535
depositos,B,I+C,,2000,directo,30,30,1.0
depositos,B,I+C,2001,,directo,151,150,0.9933774834437086
depositos,F,I+C,,,directo,5650,5646,0.9992920353982301
ingresos,A,I+C,,,directo,328,328,1.0
ingresos,B,I+C,,2000,validado,30,30,1.0
ingresos,B,I+C,2001,,validado,151,151,1.0
ingresos,C,I+C,,,validado,46,46,1.0
ingresos,D,I+C,,2009,validado,13607,13607,1.0
ingresos,D,I+C,2010,,directo,22391,22391,1.0
ingresos,E,I+C,,,validado,2585,2584,0.9996131528046421
ingresos,F,C,,,validado,1371,1351,0.9854121079504011
ingresos,F,I,,2000,validado,107,107,1.0
ingresos,F,I,2001,,validado,4176,4176,1.0
ingresos,I,I+C,,2011,validado,1280,1280,1.0
ingresos,I,I+C,2012,,validado,1608,1608,1.0
ingresos,S,I+C,,,validado,112,112,1.0
ingresos,V,I+C,,,directo,65,65,1.0
utilidad_bruta,C,I+C,,,directo,46,46,1.0
utilidad_bruta,D,I+C,,,directo,35998,35998,1.0
utilidad_bruta,I,I+C,,,directo,2888,2888,1.0
utilidad_bruta,V,I+C,,,directo,65,65,1.0
utilidad_operativa,A,I+C,,,validado,328,328,1.0
utilidad_operativa,B,I+C,2001,,validado,151,150,0.9933774834437086
utilidad_operativa,C,I+C,,,directo,46,46,1.0
utilidad_operativa,D,I+C,,,directo,35998,35998,1.0
utilidad_operativa,E,I+C,,,validado,2585,2585,1.0
utilidad_operativa,E,I,2010,,validado,1413,1413,1.0
utilidad_operativa,E,I,2010,2012,validado,202,202,1.0
utilidad_operativa,F,I+C,,,validado,5654,5523,0.9768305624336753
utilidad_operativa,I,I+C,,,directo,2888,2888,1.0
utilidad_operativa,V,I+C,,,directo,65,65,1.0
ingresos_financieros,A,I+C,,,directo,328,328,1.0
ingresos_financieros,C,I+C,,,directo,46,46,1.0
ingresos_financieros,D,I+C,,,directo,35998,35998,1.0
ingresos_financieros,I,I+C,,,directo,2888,2888,1.0
ingresos_financieros,V,I+C,,,directo,65,65,1.0
gastos_financieros,A,I+C,,,directo,328,328,1.0
gastos_financieros,C,I+C,,,directo,46,46,1.0
gastos_financieros,D,I+C,,,directo,35998,35998,1.0
gastos_financieros,E,I+C,,,validado,2585,2584,0.9996131528046421
gastos_financieros,I,I+C,,,directo,2888,2888,1.0
gastos_financieros,S,I+C,,,validado,112,112,1.0
gastos_financieros,V,I+C,,,directo,65,65,1.0
utilidad_antes_impuestos,A,I+C,,,directo,328,327,0.9969512195121951
utilidad_antes_impuestos,A,I+C,,,validado,328,327,0.9969512195121951
utilidad_antes_impuestos,B,I+C,,,validado,181,181,1.0
utilidad_antes_impuestos,C,I+C,,,validado,46,46,1.0
utilidad_antes_impuestos,D,I+C,,2009,validado,13607,13607,1.0
utilidad_antes_impuestos,D,I+C,2010,,directo,22391,22391,1.0
utilidad_antes_impuestos,E,I+C,,2000,validado,76,76,1.0
utilidad_antes_impuestos,E,I+C,2001,,validado,2509,2505,0.9984057393383818
utilidad_antes_impuestos,E,C,,,directo,570,566,0.9929824561403509
utilidad_antes_impuestos,E,I,,,directo,2015,2015,1.0
utilidad_antes_impuestos,F,I+C,,2000,validado,127,127,1.0
utilidad_antes_impuestos,F,I+C,2001,,validado,5527,5520,0.9987334901393161
utilidad_antes_impuestos,F,C,,,directo,1371,1367,0.9970824215900802
utilidad_antes_impuestos,F,I,,,directo,4283,4280,0.999299556385711
utilidad_antes_impuestos,I,I+C,,2011,validado,1280,1280,1.0
utilidad_antes_impuestos,I,I+C,2012,,directo,1608,1608,1.0
utilidad_antes_impuestos,S,I+C,,2000,validado,20,20,1.0
utilidad_antes_impuestos,S,I+C,2001,,validado,92,92,1.0
utilidad_antes_impuestos,V,I+C,,,directo,65,65,1.0
impuesto_renta,A,I+C,,,directo,328,328,1.0
impuesto_renta,B,I+C,,,directo,181,181,1.0
impuesto_renta,C,I+C,,,directo,46,46,1.0
impuesto_renta,D,I+C,,,directo,35998,35998,1.0
impuesto_renta,E,I+C,,,directo,2585,2585,1.0
impuesto_renta,F,I+C,,,directo,5654,5654,1.0
impuesto_renta,I,I+C,,,directo,2888,2888,1.0
impuesto_renta,S,I+C,,,directo,112,112,1.0
impuesto_renta,V,I+C,,,directo,65,65,1.0
utilidad_neta,A,I+C,,,directo,328,328,1.0
utilidad_neta,B,I+C,,,directo,181,181,1.0
utilidad_neta,C,I+C,,,directo,46,46,1.0
utilidad_neta,D,I+C,,,directo,35998,35998,1.0
utilidad_neta,E,I+C,,,directo,2585,2585,1.0
utilidad_neta,F,I+C,,,directo,5654,5653,0.9998231340643792
utilidad_neta,I,I+C,,,directo,2888,2888,1.0
utilidad_neta,S,I+C,,,directo,112,112,1.0
utilidad_neta,V,I+C,,,directo,65,65,1.0
ingresos_intereses,B,I+C,,,directo,181,176,0.9723756906077348
ingresos_intereses,F,I+C,,,directo,5654,5653,0.9998231340643792
gastos_intereses,B,I+C,,,directo,181,181,1.0
gastos_intereses,F,I+C,,,directo,5654,5653,0.9998231340643792
margen_financiero_bruto,B,I+C,,2000,directo,30,30,1.0
margen_financiero_bruto,B,I+C,2001,,directo,151,150,0.9933774834437086
margen_financiero_bruto,F,C,,,validado,1371,1371,1.0
margen_financiero_bruto,F,I,,2000,directo,107,107,1.0
margen_financiero_bruto,F,I,2001,,directo,4176,4171,0.9988026819923371
provisiones_credito_gasto,B,I+C,,2000,directo,30,30,1.0
provisiones_credito_gasto,B,I+C,2001,,directo,151,150,0.9933774834437086
provisiones_credito_gasto,F,C,,,directo,1371,1351,0.9854121079504011
provisiones_credito_gasto,F,I,,2000,directo,107,107,1.0
provisiones_credito_gasto,F,I,2001,2009,directo,981,977,0.9959225280326198
provisiones_credito_gasto,F,I,2010,,directo,3195,3194,0.9996870109546165
primas_ganadas_netas,E,I+C,,,directo,2585,2580,0.9980657640232108
primas_ganadas_netas,E,I+C,,2001,directo,163,159,0.9754601226993865
primas_ganadas_netas,S,I+C,,2000,directo,20,20,1.0
primas_ganadas_netas,S,I+C,2001,,directo,92,91,0.9891304347826086
siniestros_netos,E,I+C,,,directo,2585,2580,0.9980657640232108
siniestros_netos,E,I+C,,2001,directo,163,159,0.9754601226993865
siniestros_netos,S,I+C,,2000,directo,20,20,1.0
siniestros_netos,S,I+C,2001,,directo,92,91,0.9891304347826086
partidas_entre_pasivo_y_patrimonio,B,I+C,,,directo,181,39,0.2154696132596685
partidas_entre_pasivo_y_patrimonio,D,I+C,,2005,directo,7979,1422,0.1782178217821782
partidas_entre_pasivo_y_patrimonio,E,I+C,,2010,directo,907,177,0.19514884233737598
partidas_entre_pasivo_y_patrimonio,F,I+C,,2010,directo,1758,294,0.16723549488054607
partidas_entre_pasivo_y_patrimonio,I,I+C,,2004,directo,533,39,0.07317073170731707
partidas_entre_pasivo_y_patrimonio,S,I+C,,,directo,112,26,0.23214285714285715
