contra,ejercicio,tasa,n
antes_extraordinarias,2000,1.0,1518
antes_extraordinarias,2001,0.9950617283950617,1620
antes_extraordinarias,2002,0.9993784959602238,1609
antes_extraordinarias,2003,1.0,1644
antes_extraordinarias,2004,1.0,1651
antes_extraordinarias,2005,1.0,1646
antes_extraordinarias,2006,1.0,163
antes_extraordinarias,2007,1.0,161
antes_extraordinarias,2008,1.0,157
antes_extraordinarias,2009,1.0,169
antes_extraordinarias,2010,1.0,108
antes_extraordinarias,2011,1.0,44
antes_extraordinarias,2012,1.0,43
antes_extraordinarias,2013,1.0,25
antes_extraordinarias,2014,1.0,25
antes_extraordinarias,2015,1.0,27
antes_extraordinarias,2016,1.0,24
antes_extraordinarias,2017,1.0,23
antes_extraordinarias,2018,1.0,22
antes_extraordinarias,2019,1.0,21
antes_extraordinarias,2020,1.0,21
antes_extraordinarias,2021,1.0,21
antes_extraordinarias,2022,1.0,20
antes_extraordinarias,2023,1.0,19
antes_extraordinarias,2024,1.0,19
antes_extraordinarias,2025,1.0,20
utilidad_neta,2006,0.9993145990404386,1459
utilidad_neta,2007,0.9887640449438202,1513
utilidad_neta,2008,0.9842171717171717,1584
utilidad_neta,2009,0.9855708908406524,1594
utilidad_neta,2010,0.5714285714285714,1680
utilidad_neta,2011,0.9684633027522935,1744
utilidad_neta,2012,0.9723943661971831,1775
utilidad_neta,2013,0.9724612736660929,1743
utilidad_neta,2014,0.9719887955182073,1785
utilidad_neta,2015,0.9761388286334056,1844
utilidad_neta,2016,0.9710610932475884,1866
utilidad_neta,2017,0.9711538461538461,1872
utilidad_neta,2018,0.9766937669376694,1845
utilidad_neta,2019,0.9726495726495726,1755
utilidad_neta,2020,0.9811536264991434,1751
utilidad_neta,2021,0.9748684979544127,1711
utilidad_neta,2022,0.966626936829559,1678
utilidad_neta,2023,0.9721043056397817,1649
utilidad_neta,2024,0.9747692307692307,1625
utilidad_neta,2025,0.9645522388059702,1608
utilidad_neta,2026,0.9838969404186796,621
